{
    "SVM": [
        [
            0.1,
            0.9824561403508771,
            0.03062869425040301
        ],
        [
            0.2,
            0.7822299651567944,
            0.30843632455668996
        ],
        [
            0.3,
            0.7672955974842768,
            0.3417517463729178
        ],
        [
            0.4,
            0.7805212620027435,
            0.39172487909725956
        ],
        [
            0.5,
            0.7555341674687199,
            0.5583019881783987
        ],
        [
            0.6,
            0.7554709800190295,
            0.5647501343363783
        ],
        [
            0.7,
            0.7592905405405406,
            0.6362170875873187
        ],
        [
            0.8,
            0.7306397306397306,
            0.7979580870499732
        ],
        [
            0.9,
            0.7313633310946944,
            0.800107469102633
        ],
        [
            1.0,
            0.7092960773777539,
            1.0
        ]
    ],
    "Random Forest": [
        [
            0.1,
            0.9824561403508771,
            0.03062869425040301
        ],
        [
            0.2,
            0.7762478485370051,
            0.3121977431488447
        ],
        [
            0.3,
            0.7648,
            0.3358409457281032
        ],
        [
            0.4,
            0.7733516483516484,
            0.3911875335840946
        ],
        [
            0.5,
            0.7394957983193278,
            0.5754970445996775
        ],
        [
            0.6,
            0.7387304507819688,
            0.5840945728103171
        ],
        [
            0.7,
            0.7370967741935484,
            0.6663084363245567
        ],
        [
            0.8,
            0.711096520026264,
            0.8183772165502418
        ],
        [
            0.9,
            0.7101639344262295,
            0.8194519075765717
        ],
        [
            1.0,
            0.6969371305749597,
            1.0
        ]
    ],
    "XGBoost": [
        [
            0.1,
            0.9824561403508771,
            0.03062869425040301
        ],
        [
            0.2,
            0.7758620689655172,
            0.31166039763567976
        ],
        [
            0.3,
            0.7636655948553055,
            0.33422890918860826
        ],
        [
            0.4,
            0.7770083102493075,
            0.3879634605051048
        ],
        [
            0.5,
            0.7435897435897436,
            0.5658248253627082
        ],
        [
            0.6,
            0.7450611476952023,
            0.5711982804943578
        ],
        [
            0.7,
            0.7446280991735538,
            0.6501880709296077
        ],
        [
            0.8,
            0.7174202127659575,
            0.8081676518001075
        ],
        [
            0.9,
            0.7174202127659575,
            0.8081676518001075
        ],
        [
            1.0,
            0.6990865126276196,
            1.0
        ]
    ],
    "LightGBM": [
        [
            0.1,
            0.9824561403508771,
            0.03062869425040301
        ],
        [
            0.2,
            0.7822299651567944,
            0.30843632455668996
        ],
        [
            0.3,
            0.7704654895666132,
            0.33476625470177324
        ],
        [
            0.4,
            0.7819444444444444,
            0.3868887694787749
        ],
        [
            0.5,
            0.7509505703422054,
            0.5652874798495433
        ],
        [
            0.6,
            0.7523540489642184,
            0.5706609349811929
        ],
        [
            0.7,
            0.7560568086883876,
            0.6432025792584632
        ],
        [
            0.8,
            0.7269692923898531,
            0.8049435787211177
        ],
        [
            0.9,
            0.7275149900066622,
            0.8065556152606126
        ],
        [
            1.0,
            0.7092960773777539,
            1.0
        ]
    ],
    "CatBoost": [
        [
            0.1,
            0.9824561403508771,
            0.03062869425040301
        ],
        [
            0.2,
            0.7822299651567944,
            0.30843632455668996
        ],
        [
            0.3,
            0.7703349282296651,
            0.3369156367544331
        ],
        [
            0.4,
            0.781292984869326,
            0.3906501880709296
        ],
        [
            0.5,
            0.748356807511737,
            0.5722729715206878
        ],
        [
            0.6,
            0.7469990766389658,
            0.5819451907576572
        ],
        [
            0.7,
            0.7516447368421053,
            0.6534121440085975
        ],
        [
            0.8,
            0.7243886318572372,
            0.8130037614185922
        ],
        [
            0.9,
            0.7251153592617007,
            0.815153143471252
        ],
        [
            1.0,
            0.708221386351424,
            1.0
        ]
    ],
    "baseline": [
        [
            0.1,
            0.8108108108108109,
            0.039763567974207416
        ],
        [
            0.2,
            0.7191358024691358,
            0.3481998925308974
        ],
        [
            0.3,
            0.7096774193548387,
            0.3831273508866201
        ],
        [
            0.4,
            0.7148014440433214,
            0.446534121440086
        ],
        [
            0.5,
            0.6229615133724723,
            0.8237506716818914
        ],
        [
            0.6,
            0.6197452229299363,
            0.8436324556689951
        ],
        [
            0.7,
            0.6123561477892187,
            0.8871574422353573
        ],
        [
            0.8,
            0.6010958904109589,
            0.9806555615260613
        ],
        [
            0.9,
            0.6010958904109589,
            0.9806555615260613
        ],
        [
            1.0,
            0.5953788285867813,
            1.0
        ]
    ],
    "f1_acc": {
        "SVM": [
            0.524582794428539,
            0.7092960773777539
        ],
        "Random Forest": [
            0.538237778481681,
            0.6969371305749597
        ],
        "XGBoost": [
            0.5277249080065981,
            0.6990865126276196
        ],
        "LightGBM": [
            0.5256212786067566,
            0.7092960773777539
        ],
        "CatBoost": [
            0.5120417437458985,
            0.708221386351424
        ],
        "gemma2": [
            0.474452310181263,
            0.5244492208490059
        ],
        "gemma": [
            0.4972380233241044,
            0.6539494895217625
        ],
        "mistral": [
            0.5149379886179661,
            0.5298226759806556
        ],
        "baseline": [
            0.49185106107543153,
            0.5953788285867813
        ]
    }
}