{
    "SVM": [
        [
            0.2,
            1.0,
            0.0176
        ],
        [
            0.3,
            0.9874055415617129,
            0.0794
        ],
        [
            0.4,
            0.9761786600496278,
            0.2015
        ],
        [
            0.5,
            0.9566547679755227,
            0.3922
        ],
        [
            0.6,
            0.9349502088017989,
            0.6226
        ],
        [
            0.7,
            0.9070129248444232,
            0.8356
        ],
        [
            0.8,
            0.8836304036058185,
            0.9762
        ],
        [
            0.9,
            0.8801,
            1.0
        ],
        [
            1.0,
            0.8801,
            1.0
        ]
    ],
    "Random Forest": [
        [
            0.2,
            1.0,
            0.0176
        ],
        [
            0.3,
            0.9874055415617129,
            0.0794
        ],
        [
            0.4,
            0.9761668321747765,
            0.2014
        ],
        [
            0.5,
            0.9531051964512041,
            0.3945
        ],
        [
            0.6,
            0.9286167512690355,
            0.6304
        ],
        [
            0.7,
            0.9002128162686214,
            0.8458
        ],
        [
            0.8,
            0.8796854253906649,
            0.9791
        ],
        [
            0.9,
            0.8769,
            1.0
        ],
        [
            1.0,
            0.8769,
            1.0
        ]
    ],
    "XGBoost": [
        [
            0.2,
            1.0,
            0.0176
        ],
        [
            0.3,
            0.9874055415617129,
            0.0794
        ],
        [
            0.4,
            0.9795613160518445,
            0.2006
        ],
        [
            0.5,
            0.9642765355949627,
            0.3891
        ],
        [
            0.6,
            0.9467013324666883,
            0.6154
        ],
        [
            0.7,
            0.9225163954335681,
            0.8234
        ],
        [
            0.8,
            0.8970771144278606,
            0.9648
        ],
        [
            0.9,
            0.889877975595119,
            0.9998
        ],
        [
            1.0,
            0.8898,
            1.0
        ]
    ],
    "LightGBM": [
        [
            0.2,
            1.0,
            0.0176
        ],
        [
            0.3,
            0.9886363636363636,
            0.0792
        ],
        [
            0.4,
            0.9790523690773068,
            0.2005
        ],
        [
            0.5,
            0.9634867575212137,
            0.3889
        ],
        [
            0.6,
            0.94580078125,
            0.6144
        ],
        [
            0.7,
            0.9176584891911587,
            0.8234
        ],
        [
            0.8,
            0.8922106134271232,
            0.9667
        ],
        [
            0.9,
            0.885,
            1.0
        ],
        [
            1.0,
            0.885,
            1.0
        ]
    ],
    "baseline": [
        [
            0.2,
            1.0,
            0.0176
        ],
        [
            0.3,
            0.9874055415617129,
            0.0794
        ],
        [
            0.4,
            0.974739970282318,
            0.2019
        ],
        [
            0.5,
            0.9286768322675848,
            0.4066
        ],
        [
            0.6,
            0.8554546764663497,
            0.6939
        ],
        [
            0.7,
            0.7818296133291418,
            0.9543
        ],
        [
            0.8,
            0.7667,
            1.0
        ],
        [
            0.9,
            0.7667,
            1.0
        ],
        [
            1.0,
            0.7667,
            1.0
        ]
    ],
    "f1_acc": {
        "SVM": [
            0.8800902036376302,
            0.8801
        ],
        "Random Forest": [
            0.8768655006563875,
            0.8769
        ],
        "XGBoost": [
            0.8897724572247578,
            0.8898
        ],
        "LightGBM": [
            0.8849378779267589,
            0.885
        ],
        "baseline": [
            0.7660844153755884,
            0.7667
        ]
    }
}