{
    "SVM": [
        [
            0.2,
            1.0,
            0.0176
        ],
        [
            0.3,
            0.9874055415617129,
            0.0794
        ],
        [
            0.4,
            0.9756944444444444,
            0.2016
        ],
        [
            0.5,
            0.9480453972257251,
            0.3965
        ],
        [
            0.6,
            0.9161179052994669,
            0.6378
        ],
        [
            0.7,
            0.8816940847042352,
            0.8571
        ],
        [
            0.8,
            0.8607466178415217,
            0.9831
        ],
        [
            0.9,
            0.8577,
            1.0
        ],
        [
            1.0,
            0.8577,
            1.0
        ]
    ],
    "Random Forest": [
        [
            0.2,
            1.0,
            0.0176
        ],
        [
            0.3,
            0.9874055415617129,
            0.0794
        ],
        [
            0.4,
            0.9756944444444444,
            0.2016
        ],
        [
            0.5,
            0.9528756017228275,
            0.3947
        ],
        [
            0.6,
            0.9291501191421764,
            0.6295
        ],
        [
            0.7,
            0.8991964074686836,
            0.8462
        ],
        [
            0.8,
            0.8786764705882353,
            0.9792
        ],
        [
            0.9,
            0.8761,
            1.0
        ],
        [
            1.0,
            0.8761,
            1.0
        ]
    ],
    "XGBoost": [
        [
            0.2,
            1.0,
            0.0176
        ],
        [
            0.3,
            0.9886363636363636,
            0.0792
        ],
        [
            0.4,
            0.9800498753117207,
            0.2005
        ],
        [
            0.5,
            0.96523306721607,
            0.3883
        ],
        [
            0.6,
            0.9502284595300261,
            0.6128
        ],
        [
            0.7,
            0.923836217401901,
            0.8206
        ],
        [
            0.8,
            0.8976671850699844,
            0.9645
        ],
        [
            0.9,
            0.8904671401420426,
            0.9997
        ],
        [
            1.0,
            0.8903,
            1.0
        ]
    ],
    "LightGBM": [
        [
            0.2,
            1.0,
            0.0176
        ],
        [
            0.3,
            0.9874055415617129,
            0.0794
        ],
        [
            0.4,
            0.9800399201596807,
            0.2004
        ],
        [
            0.5,
            0.9640010285420416,
            0.3889
        ],
        [
            0.6,
            0.9459986987638256,
            0.6148
        ],
        [
            0.7,
            0.9174945480978919,
            0.8254
        ],
        [
            0.8,
            0.8926541998140304,
            0.9679
        ],
        [
            0.9,
            0.8866,
            1.0
        ],
        [
            1.0,
            0.8866,
            1.0
        ]
    ],
    "baseline": [
        [
            0.2,
            1.0,
            0.0176
        ],
        [
            0.3,
            0.9874055415617129,
            0.0794
        ],
        [
            0.4,
            0.974739970282318,
            0.2019
        ],
        [
            0.5,
            0.9286768322675848,
            0.4066
        ],
        [
            0.6,
            0.8554546764663497,
            0.6939
        ],
        [
            0.7,
            0.7818296133291418,
            0.9543
        ],
        [
            0.8,
            0.7667,
            1.0
        ],
        [
            0.9,
            0.7667,
            1.0
        ],
        [
            1.0,
            0.7667,
            1.0
        ]
    ],
    "f1_acc": {
        "SVM": [
            0.8576550679977722,
            0.8577
        ],
        "Random Forest": [
            0.8760564051666062,
            0.8761
        ],
        "XGBoost": [
            0.8902788069216574,
            0.8903
        ],
        "LightGBM": [
            0.8865748757563873,
            0.8866
        ],
        "baseline": [
            0.7660844153755884,
            0.7667
        ],
        "Llama-2-7b-hf": [
            0.4520057132040955,
            0.4538
        ],
        "Qwen-1_8B": [
            0.4033973771791605,
            0.4127
        ],
        "falcon-7b": [
            0.21608881506495264,
            0.2481
        ],
        "internlm-7b": [
            0.4809624730267863,
            0.4884
        ],
        "Yi-34B": [
            0.8286136317032085,
            0.8288
        ],
        "Qwen-7B": [
            0.5927285651231905,
            0.5939
        ],
        "Qwen-14B": [
            0.739897744884987,
            0.7405
        ],
        "deepseek-llm-7b-base": [
            0.4312597428146766,
            0.4388
        ],
        "Yi-6B": [
            0.6999130089238268,
            0.7005
        ],
        "Qwen-72B": [
            0.7863862084604255,
            0.7864
        ],
        "mpt-7b": [
            0.2406173821640506,
            0.2676
        ],
        "deepseek-llm-67b-base": [
            0.7221257211043925,
            0.7228
        ],
        "Llama-2-13b-hf": [
            0.6038190230592068,
            0.6046
        ],
        "Llama-2-70b-hf": [
            0.7267398470988986,
            0.727
        ],
        "falcon-40b": [
            0.34887790631272697,
            0.3508
        ],
        "Mistral-7B-v0.1": [
            0.6408086826084838,
            0.6416
        ]
    }
}