{
    "SVM": [
        [
            0.1,
            0.9948542024013722,
            0.1166
        ],
        [
            0.2,
            0.977827763496144,
            0.3112
        ],
        [
            0.3,
            0.9552238805970149,
            0.4824
        ],
        [
            0.4,
            0.9332805071315372,
            0.631
        ],
        [
            0.5,
            0.9152428360016144,
            0.7433
        ],
        [
            0.6,
            0.8897877828584828,
            0.8529
        ],
        [
            0.7,
            0.8702875399361022,
            0.939
        ],
        [
            0.8,
            0.8573734113375026,
            0.9914
        ],
        [
            0.9,
            0.8559,
            1.0
        ],
        [
            1.0,
            0.8559,
            1.0
        ]
    ],
    "Random Forest": [
        [
            0.1,
            0.9948542024013722,
            0.1166
        ],
        [
            0.2,
            0.9790794979079498,
            0.3107
        ],
        [
            0.3,
            0.9617794486215538,
            0.4788
        ],
        [
            0.4,
            0.9433418693982074,
            0.6248
        ],
        [
            0.5,
            0.9256299105933351,
            0.7382
        ],
        [
            0.6,
            0.9003181336161188,
            0.8487
        ],
        [
            0.7,
            0.8816029143897997,
            0.9333
        ],
        [
            0.8,
            0.8689487543042334,
            0.9874
        ],
        [
            0.9,
            0.8677867786778678,
            0.9999
        ],
        [
            1.0,
            0.8678,
            1.0
        ]
    ],
    "XGBoost": [
        [
            0.1,
            0.9948542024013722,
            0.1166
        ],
        [
            0.2,
            0.9797101449275363,
            0.3105
        ],
        [
            0.3,
            0.9665333613976005,
            0.4751
        ],
        [
            0.4,
            0.9526829268292683,
            0.615
        ],
        [
            0.5,
            0.9377679435762688,
            0.7231
        ],
        [
            0.6,
            0.9166968927578285,
            0.8271
        ],
        [
            0.7,
            0.8984554715741045,
            0.9129
        ],
        [
            0.8,
            0.8820460358056266,
            0.9775
        ],
        [
            0.9,
            0.8771508603441377,
            0.9996
        ],
        [
            1.0,
            0.8771,
            1.0
        ]
    ],
    "LightGBM": [
        [
            0.1,
            0.9948542024013722,
            0.1166
        ],
        [
            0.2,
            0.9797101449275363,
            0.3105
        ],
        [
            0.3,
            0.9646984660642992,
            0.4759
        ],
        [
            0.4,
            0.9489630589760207,
            0.6172
        ],
        [
            0.5,
            0.9323877719636464,
            0.7262
        ],
        [
            0.6,
            0.9079658776883335,
            0.8323
        ],
        [
            0.7,
            0.8880296264023527,
            0.9181
        ],
        [
            0.8,
            0.8714372964169381,
            0.9824
        ],
        [
            0.9,
            0.8678603581074322,
            0.9997
        ],
        [
            1.0,
            0.8677,
            1.0
        ]
    ],
    "baseline": [
        [
            0.1,
            0.9948542024013722,
            0.1166
        ],
        [
            0.2,
            0.9775136524253132,
            0.3113
        ],
        [
            0.3,
            0.9456855913096947,
            0.4879
        ],
        [
            0.4,
            0.9074329501915709,
            0.6525
        ],
        [
            0.5,
            0.8674199623352166,
            0.7965
        ],
        [
            0.6,
            0.8287286855169437,
            0.9266
        ],
        [
            0.7,
            0.806071682404305,
            0.9849
        ],
        [
            0.8,
            0.7994799479947995,
            0.9999
        ],
        [
            0.9,
            0.7995,
            1.0
        ],
        [
            1.0,
            0.7995,
            1.0
        ]
    ],
    "f1_acc": {
        "SVM": [
            0.8558436639941294,
            0.8559
        ],
        "Random Forest": [
            0.8677703761534721,
            0.8678
        ],
        "XGBoost": [
            0.8770821644339843,
            0.8771
        ],
        "LightGBM": [
            0.8676821765055143,
            0.8677
        ],
        "baseline": [
            0.7994136981180029,
            0.7995
        ]
    }
}