{
    "SVM": [
        [
            0.2,
            1.0,
            0.0176
        ],
        [
            0.3,
            0.9874055415617129,
            0.0794
        ],
        [
            0.4,
            0.9756944444444444,
            0.2016
        ],
        [
            0.5,
            0.9478063540090772,
            0.3966
        ],
        [
            0.6,
            0.9178318931657502,
            0.6365
        ],
        [
            0.7,
            0.8829712683952348,
            0.8562
        ],
        [
            0.8,
            0.8622724036211983,
            0.9831
        ],
        [
            0.9,
            0.8593,
            1.0
        ],
        [
            1.0,
            0.8593,
            1.0
        ]
    ],
    "Random Forest": [
        [
            0.2,
            1.0,
            0.0176
        ],
        [
            0.3,
            0.9874055415617129,
            0.0794
        ],
        [
            0.4,
            0.9756944444444444,
            0.2016
        ],
        [
            0.5,
            0.9509853461344113,
            0.3958
        ],
        [
            0.6,
            0.9283222327941643,
            0.6306
        ],
        [
            0.7,
            0.8996462264150943,
            0.848
        ],
        [
            0.8,
            0.879967393519462,
            0.9814
        ],
        [
            0.9,
            0.8782,
            1.0
        ],
        [
            1.0,
            0.8782,
            1.0
        ]
    ],
    "XGBoost": [
        [
            0.2,
            1.0,
            0.0176
        ],
        [
            0.3,
            0.9886506935687264,
            0.0793
        ],
        [
            0.4,
            0.9810473815461347,
            0.2005
        ],
        [
            0.5,
            0.9667525773195876,
            0.388
        ],
        [
            0.6,
            0.952186684073107,
            0.6128
        ],
        [
            0.7,
            0.9275857858102332,
            0.8189
        ],
        [
            0.8,
            0.9017449106771915,
            0.9628
        ],
        [
            0.9,
            0.8942894289428943,
            0.9999
        ],
        [
            1.0,
            0.8943,
            1.0
        ]
    ],
    "LightGBM": [
        [
            0.2,
            1.0,
            0.0176
        ],
        [
            0.3,
            0.9874055415617129,
            0.0794
        ],
        [
            0.4,
            0.9805389221556886,
            0.2004
        ],
        [
            0.5,
            0.9642581640524557,
            0.3889
        ],
        [
            0.6,
            0.9484217377155874,
            0.6146
        ],
        [
            0.7,
            0.9213182536787061,
            0.8223
        ],
        [
            0.8,
            0.8960918114143921,
            0.9672
        ],
        [
            0.9,
            0.8894889488948895,
            0.9999
        ],
        [
            1.0,
            0.8895,
            1.0
        ]
    ],
    "baseline": [
        [
            0.2,
            1.0,
            0.0176
        ],
        [
            0.3,
            0.9874055415617129,
            0.0794
        ],
        [
            0.4,
            0.974739970282318,
            0.2019
        ],
        [
            0.5,
            0.9286768322675848,
            0.4066
        ],
        [
            0.6,
            0.8554546764663497,
            0.6939
        ],
        [
            0.7,
            0.7818296133291418,
            0.9543
        ],
        [
            0.8,
            0.7667,
            1.0
        ],
        [
            0.9,
            0.7667,
            1.0
        ],
        [
            1.0,
            0.7667,
            1.0
        ]
    ],
    "f1_acc": {
        "SVM": [
            0.8592798719838843,
            0.8593
        ],
        "Random Forest": [
            0.8781727710180269,
            0.8782
        ],
        "XGBoost": [
            0.8942529683943392,
            0.8943
        ],
        "LightGBM": [
            0.889452547444859,
            0.8895
        ],
        "baseline": [
            0.7660844153755884,
            0.7667
        ],
        "Llama-2-7b-hf": [
            0.4520057132040955,
            0.4538
        ],
        "Qwen-1_8B": [
            0.4033973771791605,
            0.4127
        ],
        "falcon-7b": [
            0.21608881506495264,
            0.2481
        ],
        "internlm-7b": [
            0.4809624730267863,
            0.4884
        ],
        "Yi-34B": [
            0.8286136317032085,
            0.8288
        ],
        "Qwen-7B": [
            0.5927285651231905,
            0.5939
        ],
        "Qwen-14B": [
            0.739897744884987,
            0.7405
        ],
        "deepseek-llm-7b-base": [
            0.4312597428146766,
            0.4388
        ],
        "Yi-6B": [
            0.6999130089238268,
            0.7005
        ],
        "Qwen-72B": [
            0.7863862084604255,
            0.7864
        ],
        "mpt-7b": [
            0.2406173821640506,
            0.2676
        ],
        "deepseek-llm-67b-base": [
            0.7221257211043925,
            0.7228
        ],
        "Llama-2-13b-hf": [
            0.6038190230592068,
            0.6046
        ],
        "Llama-2-70b-hf": [
            0.7267398470988986,
            0.727
        ],
        "falcon-40b": [
            0.34887790631272697,
            0.3508
        ],
        "Mistral-7B-v0.1": [
            0.6408086826084838,
            0.6416
        ]
    }
}