{
    "Llama-2-7b-hf": [
        [
            0.1,
            0.9460431654676259,
            0.01112
        ],
        [
            0.2,
            0.9185059422750425,
            0.02356
        ],
        [
            0.3,
            0.8912820512820513,
            0.039
        ],
        [
            0.4,
            0.8565866320571057,
            0.06164
        ],
        [
            0.5,
            0.8131515637530072,
            0.09976
        ],
        [
            0.6,
            0.7140797198475641,
            0.19418
        ],
        [
            0.7,
            0.5399623719601422,
            0.57404
        ],
        [
            0.8,
            0.46430072659580857,
            0.99918
        ],
        [
            0.9,
            0.46404,
            1.0
        ],
        [
            1.0,
            0.46404,
            1.0
        ]
    ],
    "Qwen-1_8B": [
        [
            0.1,
            0.9317617866004962,
            0.01612
        ],
        [
            0.2,
            0.807618437900128,
            0.06248
        ],
        [
            0.3,
            0.708785641916341,
            0.13818
        ],
        [
            0.4,
            0.6107301331181928,
            0.2479
        ],
        [
            0.5,
            0.5339024390243903,
            0.41
        ],
        [
            0.6,
            0.47376615288805857,
            0.6423
        ],
        [
            0.7,
            0.431318923687693,
            0.9068
        ],
        [
            0.8,
            0.418756007689843,
            0.99872
        ],
        [
            0.9,
            0.41854,
            1.0
        ],
        [
            1.0,
            0.41854,
            1.0
        ]
    ],
    "falcon-7b": [
        [
            0.1,
            0.0,
            0.00018
        ],
        [
            0.2,
            0.16666666666666666,
            0.00072
        ],
        [
            0.3,
            0.1917808219178082,
            0.00146
        ],
        [
            0.4,
            0.22602739726027396,
            0.00292
        ],
        [
            0.5,
            0.24254215304798962,
            0.03084
        ],
        [
            0.6,
            0.25114268066707846,
            0.1619
        ],
        [
            0.7,
            0.25118637193267085,
            0.4931
        ],
        [
            0.8,
            0.25047716633516165,
            0.99546
        ],
        [
            0.9,
            0.25028,
            1.0
        ],
        [
            1.0,
            0.25028,
            1.0
        ]
    ],
    "internlm-7b": [
        [
            0.1,
            0.8804956035171863,
            0.10008
        ],
        [
            0.2,
            0.8045054945054945,
            0.182
        ],
        [
            0.3,
            0.7396427499249475,
            0.26648
        ],
        [
            0.4,
            0.6791158536585366,
            0.36736
        ],
        [
            0.5,
            0.616942694969287,
            0.51444
        ],
        [
            0.6,
            0.5557173663427339,
            0.71414
        ],
        [
            0.7,
            0.5057900797358073,
            0.92054
        ],
        [
            0.8,
            0.49024946054409424,
            0.99174
        ],
        [
            0.9,
            0.4884391327848177,
            0.99906
        ],
        [
            1.0,
            0.48818,
            1.0
        ]
    ],
    "Yi-34B": [
        [
            0.1,
            0.991793737632406,
            0.34364
        ],
        [
            0.2,
            0.9763562689326881,
            0.50838
        ],
        [
            0.3,
            0.9496258096975033,
            0.63604
        ],
        [
            0.4,
            0.9181998074660391,
            0.74792
        ],
        [
            0.5,
            0.8804697329791695,
            0.85836
        ],
        [
            0.6,
            0.8472913678170618,
            0.94808
        ],
        [
            0.7,
            0.8299169982026374,
            0.99034
        ],
        [
            0.8,
            0.8256109521045574,
            0.99926
        ],
        [
            0.9,
            0.8253165063301267,
            0.99998
        ],
        [
            1.0,
            0.82532,
            1.0
        ]
    ],
    "Qwen-7B": [
        [
            0.1,
            0.9573619631901841,
            0.1304
        ],
        [
            0.2,
            0.9032548987455932,
            0.24394
        ],
        [
            0.3,
            0.8457041037919706,
            0.35918
        ],
        [
            0.4,
            0.7831320351655575,
            0.48684
        ],
        [
            0.5,
            0.7212858438350167,
            0.63958
        ],
        [
            0.6,
            0.6584915291315233,
            0.82282
        ],
        [
            0.7,
            0.6149455111572393,
            0.9635
        ],
        [
            0.8,
            0.6039318532161518,
            0.99902
        ],
        [
            0.9,
            0.6037883030642451,
            0.99992
        ],
        [
            1.0,
            0.60378,
            1.0
        ]
    ],
    "Qwen-14B": [
        [
            0.1,
            0.9693963593075741,
            0.40322
        ],
        [
            0.2,
            0.9137798023584732,
            0.54442
        ],
        [
            0.3,
            0.8658677535129874,
            0.65756
        ],
        [
            0.4,
            0.8275072387470387,
            0.7598
        ],
        [
            0.5,
            0.7911185355328183,
            0.86202
        ],
        [
            0.6,
            0.7623923323762878,
            0.94736
        ],
        [
            0.7,
            0.7457066171573871,
            0.99106
        ],
        [
            0.8,
            0.7429206552649498,
            0.99868
        ],
        [
            0.9,
            0.7427165039218825,
            0.99952
        ],
        [
            1.0,
            0.74266,
            1.0
        ]
    ],
    "deepseek-llm-7b-base": [
        [
            0.1,
            0.9606205250596659,
            0.01676
        ],
        [
            0.2,
            0.926906779661017,
            0.03776
        ],
        [
            0.3,
            0.8996603890089534,
            0.06478
        ],
        [
            0.4,
            0.855684007707129,
            0.1038
        ],
        [
            0.5,
            0.7764984761259736,
            0.17718
        ],
        [
            0.6,
            0.6306543944325963,
            0.35636
        ],
        [
            0.7,
            0.47898552594236177,
            0.77518
        ],
        [
            0.8,
            0.4405811623246493,
            0.998
        ],
        [
            0.9,
            0.44014,
            1.0
        ],
        [
            1.0,
            0.44014,
            1.0
        ]
    ],