{
    "SVM": [
        [
            0.2,
            1.0,
            0.0176
        ],
        [
            0.3,
            0.9874055415617129,
            0.0794
        ],
        [
            0.4,
            0.9761786600496278,
            0.2015
        ],
        [
            0.5,
            0.9564109100178435,
            0.3923
        ],
        [
            0.6,
            0.9346814315519179,
            0.6231
        ],
        [
            0.7,
            0.9063097514340345,
            0.8368
        ],
        [
            0.8,
            0.882901342075607,
            0.9761
        ],
        [
            0.9,
            0.8794,
            1.0
        ],
        [
            1.0,
            0.8794,
            1.0
        ]
    ],
    "Random Forest": [
        [
            0.2,
            1.0,
            0.0176
        ],
        [
            0.3,
            0.9874055415617129,
            0.0794
        ],
        [
            0.4,
            0.9756944444444444,
            0.2016
        ],
        [
            0.5,
            0.9507451376610255,
            0.3959
        ],
        [
            0.6,
            0.928435718809373,
            0.6316
        ],
        [
            0.7,
            0.9006372433325466,
            0.8474
        ],
        [
            0.8,
            0.8816393108369864,
            0.9809
        ],
        [
            0.9,
            0.8795,
            1.0
        ],
        [
            1.0,
            0.8795,
            1.0
        ]
    ],
    "XGBoost": [
        [
            0.2,
            1.0,
            0.0176
        ],
        [
            0.3,
            0.9886506935687264,
            0.0793
        ],
        [
            0.4,
            0.9790940766550522,
            0.2009
        ],
        [
            0.5,
            0.9652509652509652,
            0.3885
        ],
        [
            0.6,
            0.9499674054758801,
            0.6136
        ],
        [
            0.7,
            0.9269895351667072,
            0.8218
        ],
        [
            0.8,
            0.9033596018249689,
            0.9644
        ],
        [
            0.9,
            0.8959895989598959,
            0.9999
        ],
        [
            1.0,
            0.896,
            1.0
        ]
    ],
    "LightGBM": [
        [
            0.2,
            1.0,
            0.0176
        ],
        [
            0.3,
            0.9874055415617129,
            0.0794
        ],
        [
            0.4,
            0.9810379241516967,
            0.2004
        ],
        [
            0.5,
            0.964984552008239,
            0.3884
        ],
        [
            0.6,
            0.9486970684039088,
            0.614
        ],
        [
            0.7,
            0.9213756227974238,
            0.8229
        ],
        [
            0.8,
            0.8963875375219956,
            0.9661
        ],
        [
            0.9,
            0.8895889588958896,
            0.9999
        ],
        [
            1.0,
            0.8896,
            1.0
        ]
    ],
    "baseline": [
        [
            0.2,
            1.0,
            0.0176
        ],
        [
            0.3,
            0.9874055415617129,
            0.0794
        ],
        [
            0.4,
            0.974739970282318,
            0.2019
        ],
        [
            0.5,
            0.9286768322675848,
            0.4066
        ],
        [
            0.6,
            0.8554546764663497,
            0.6939
        ],
        [
            0.7,
            0.7818296133291418,
            0.9543
        ],
        [
            0.8,
            0.7667,
            1.0
        ],
        [
            0.9,
            0.7667,
            1.0
        ],
        [
            1.0,
            0.7667,
            1.0
        ]
    ],
    "f1_acc": {
        "SVM": [
            0.8793941240544049,
            0.8794
        ],
        "Random Forest": [
            0.8794823311043789,
            0.8795
        ],
        "XGBoost": [
            0.8959696740187497,
            0.896
        ],
        "LightGBM": [
            0.8895764870488414,
            0.8896
        ],
        "baseline": [
            0.7660844153755884,
            0.7667
        ]
    }
}