{
    "SVM": [
        [
            0.1,
            1.0,
            0.013
        ],
        [
            0.2,
            0.9927272727272727,
            0.055
        ],
        [
            0.3,
            0.9852424455375967,
            0.1423
        ],
        [
            0.4,
            0.9701331414177762,
            0.2779
        ],
        [
            0.5,
            0.949604954089259,
            0.4683
        ],
        [
            0.6,
            0.9288777169895017,
            0.6763
        ],
        [
            0.7,
            0.9026466130348607,
            0.8577
        ],
        [
            0.8,
            0.8816434995911693,
            0.9784
        ],
        [
            0.9,
            0.8779,
            1.0
        ],
        [
            1.0,
            0.8779,
            1.0
        ]
    ],
    "Random Forest": [
        [
            0.1,
            1.0,
            0.013
        ],
        [
            0.2,
            0.9927272727272727,
            0.055
        ],
        [
            0.3,
            0.985252808988764,
            0.1424
        ],
        [
            0.4,
            0.9694793536804309,
            0.2785
        ],
        [
            0.5,
            0.9443504020313161,
            0.4726
        ],
        [
            0.6,
            0.9211944646758922,
            0.6865
        ],
        [
            0.7,
            0.8981449475746054,
            0.8679
        ],
        [
            0.8,
            0.8805620608899297,
            0.9821
        ],
        [
            0.9,
            0.8786,
            1.0
        ],
        [
            1.0,
            0.8786,
            1.0
        ]
    ],
    "XGBoost": [
        [
            0.1,
            1.0,
            0.013
        ],
        [
            0.2,
            0.9927272727272727,
            0.055
        ],
        [
            0.3,
            0.9866291344123856,
            0.1421
        ],
        [
            0.4,
            0.9764407393983328,
            0.2759
        ],
        [
            0.5,
            0.9606316244862644,
            0.4623
        ],
        [
            0.6,
            0.943492636008416,
            0.6654
        ],
        [
            0.7,
            0.9215662937395858,
            0.8402
        ],
        [
            0.8,
            0.8980733374766936,
            0.9654
        ],
        [
            0.9,
            0.8902670801240372,
            0.9997
        ],
        [
            1.0,
            0.8901,
            1.0
        ]
    ],
    "LightGBM": [
        [
            0.1,
            1.0,
            0.013
        ],
        [
            0.2,
            0.9927272727272727,
            0.055
        ],
        [
            0.3,
            0.9859353023909986,
            0.1422
        ],
        [
            0.4,
            0.9739507959479016,
            0.2764
        ],
        [
            0.5,
            0.9576582415208469,
            0.4629
        ],
        [
            0.6,
            0.9401978417266187,
            0.6672
        ],
        [
            0.7,
            0.916419679905157,
            0.8435
        ],
        [
            0.8,
            0.8929493135129555,
            0.9687
        ],
        [
            0.9,
            0.8860886088608861,
            0.9999
        ],
        [
            1.0,
            0.8861,
            1.0
        ]
    ],
    "baseline": [
        [
            0.1,
            1.0,
            0.013
        ],
        [
            0.2,
            0.9927272727272727,
            0.055
        ],
        [
            0.3,
            0.985252808988764,
            0.1424
        ],
        [
            0.4,
            0.9657020364415863,
            0.2799
        ],
        [
            0.5,
            0.9096251266464033,
            0.4935
        ],
        [
            0.6,
            0.8376826722338204,
            0.7664
        ],
        [
            0.7,
            0.7814830157415079,
            0.9656
        ],
        [
            0.8,
            0.7696,
            1.0
        ],
        [
            0.9,
            0.7696,
            1.0
        ],
        [
            1.0,
            0.7696,
            1.0
        ]
    ],
    "f1_acc": {
        "SVM": [
            0.8778892394591135,
            0.8779
        ],
        "Random Forest": [
            0.8785836353032365,
            0.8786
        ],
        "XGBoost": [
            0.8900735769016775,
            0.8901
        ],
        "LightGBM": [
            0.8860787478163057,
            0.8861
        ],
        "baseline": [
            0.7692225911087799,
            0.7696
        ]
    }
}