{
    "SVM": [
        [
            0.2,
            1.0,
            0.0176
        ],
        [
            0.3,
            0.9874055415617129,
            0.0794
        ],
        [
            0.4,
            0.9756944444444444,
            0.2016
        ],
        [
            0.5,
            0.9475674313082935,
            0.3967
        ],
        [
            0.6,
            0.9172424623115578,
            0.6368
        ],
        [
            0.7,
            0.8819687427105202,
            0.8574
        ],
        [
            0.8,
            0.8615744507729862,
            0.9832
        ],
        [
            0.9,
            0.8584,
            1.0
        ],
        [
            1.0,
            0.8584,
            1.0
        ]
    ],
    "Random Forest": [
        [
            0.2,
            1.0,
            0.0176
        ],
        [
            0.3,
            0.9874055415617129,
            0.0794
        ],
        [
            0.4,
            0.9757064947942489,
            0.2017
        ],
        [
            0.5,
            0.9521640091116174,
            0.3951
        ],
        [
            0.6,
            0.9277680975764296,
            0.6313
        ],
        [
            0.7,
            0.9007083825265644,
            0.847
        ],
        [
            0.8,
            0.88068993672178,
            0.9798
        ],
        [
            0.9,
            0.8783,
            1.0
        ],
        [
            1.0,
            0.8783,
            1.0
        ]
    ],
    "XGBoost": [
        [
            0.2,
            1.0,
            0.0176
        ],
        [
            0.3,
            0.9886506935687264,
            0.0793
        ],
        [
            0.4,
            0.9805583250249252,
            0.2006
        ],
        [
            0.5,
            0.9648267008985879,
            0.3895
        ],
        [
            0.6,
            0.9489513900178833,
            0.6151
        ],
        [
            0.7,
            0.9262594305183743,
            0.8218
        ],
        [
            0.8,
            0.9019059457219806,
            0.9654
        ],
        [
            0.9,
            0.8946684005201561,
            0.9997
        ],
        [
            1.0,
            0.8946,
            1.0
        ]
    ],
    "LightGBM": [
        [
            0.2,
            1.0,
            0.0176
        ],
        [
            0.3,
            0.9874055415617129,
            0.0794
        ],
        [
            0.4,
            0.9800399201596807,
            0.2004
        ],
        [
            0.5,
            0.9637345679012346,
            0.3888
        ],
        [
            0.6,
            0.9477454012697379,
            0.6143
        ],
        [
            0.7,
            0.9208895370032811,
            0.8229
        ],
        [
            0.8,
            0.8956350848158875,
            0.9668
        ],
        [
            0.9,
            0.8888666599979994,
            0.9997
        ],
        [
            1.0,
            0.8887,
            1.0
        ]
    ],
    "baseline": [
        [
            0.2,
            1.0,
            0.0176
        ],
        [
            0.3,
            0.9874055415617129,
            0.0794
        ],
        [
            0.4,
            0.974739970282318,
            0.2019
        ],
        [
            0.5,
            0.9286768322675848,
            0.4066
        ],
        [
            0.6,
            0.8554546764663497,
            0.6939
        ],
        [
            0.7,
            0.7818296133291418,
            0.9543
        ],
        [
            0.8,
            0.7667,
            1.0
        ],
        [
            0.9,
            0.7667,
            1.0
        ],
        [
            1.0,
            0.7667,
            1.0
        ]
    ],
    "f1_acc": {
        "SVM": [
            0.8583754208052579,
            0.8584
        ],
        "Random Forest": [
            0.8782711068732239,
            0.8783
        ],
        "XGBoost": [
            0.8945889299716457,
            0.8946
        ],
        "LightGBM": [
            0.888666604102998,
            0.8887
        ],
        "baseline": [
            0.7660844153755884,
            0.7667
        ],
        "Llama-2-7b-hf": [
            0.4520057132040955,
            0.4538
        ],
        "Qwen-1_8B": [
            0.4033973771791605,
            0.4127
        ],
        "falcon-7b": [
            0.21608881506495264,
            0.2481
        ],
        "internlm-7b": [
            0.4809624730267863,
            0.4884
        ],
        "Yi-34B": [
            0.8286136317032085,
            0.8288
        ],
        "Qwen-7B": [
            0.5927285651231905,
            0.5939
        ],
        "Qwen-14B": [
            0.739897744884987,
            0.7405
        ],
        "deepseek-llm-7b-base": [
            0.4312597428146766,
            0.4388
        ],
        "Yi-6B": [
            0.6999130089238268,
            0.7005
        ],
        "Qwen-72B": [
            0.7863862084604255,
            0.7864
        ],
        "mpt-7b": [
            0.2406173821640506,
            0.2676
        ],
        "deepseek-llm-67b-base": [
            0.7221257211043925,
            0.7228
        ],
        "Llama-2-13b-hf": [
            0.6038190230592068,
            0.6046
        ],
        "Llama-2-70b-hf": [
            0.7267398470988986,
            0.727
        ],
        "falcon-40b": [
            0.34887790631272697,
            0.3508
        ],
        "Mistral-7B-v0.1": [
            0.6408086826084838,
            0.6416
        ]
    }
}