{
    "SVM": [
        [
            0.2,
            1.0,
            0.0176
        ],
        [
            0.3,
            0.9874055415617129,
            0.0794
        ],
        [
            0.4,
            0.974739970282318,
            0.2019
        ],
        [
            0.5,
            0.9442211055276382,
            0.398
        ],
        [
            0.6,
            0.9045039467574679,
            0.6461
        ],
        [
            0.7,
            0.8635364866427663,
            0.8647
        ],
        [
            0.8,
            0.8416598694942904,
            0.9808
        ],
        [
            0.9,
            0.8359179589794897,
            0.9995
        ],
        [
            1.0,
            0.8355,
            1.0
        ]
    ],
    "Random Forest": [
        [
            0.2,
            1.0,
            0.0176
        ],
        [
            0.3,
            0.987389659520807,
            0.0793
        ],
        [
            0.4,
            0.9750996015936255,
            0.2008
        ],
        [
            0.5,
            0.9491958131222875,
            0.3917
        ],
        [
            0.6,
            0.9171208720743829,
            0.6238
        ],
        [
            0.7,
            0.8795424758727511,
            0.8393
        ],
        [
            0.8,
            0.8527626299001955,
            0.9719
        ],
        [
            0.9,
            0.8437812938113358,
            0.9986
        ],
        [
            1.0,
            0.8426,
            1.0
        ]
    ],
    "XGBoost": [
        [
            0.2,
            1.0,
            0.0176
        ],
        [
            0.3,
            0.9874055415617129,
            0.0794
        ],
        [
            0.4,
            0.9756944444444444,
            0.2016
        ],
        [
            0.5,
            0.9505703422053232,
            0.3945
        ],
        [
            0.6,
            0.9211070462859869,
            0.6287
        ],
        [
            0.7,
            0.8868374032162001,
            0.8395
        ],
        [
            0.8,
            0.8582127834205396,
            0.9747
        ],
        [
            0.9,
            0.8512702540508101,
            0.9998
        ],
        [
            1.0,
            0.8511,
            1.0
        ]
    ],
    "LightGBM": [
        [
            0.2,
            1.0,
            0.0176
        ],
        [
            0.3,
            0.9874055415617129,
            0.0794
        ],
        [
            0.4,
            0.974739970282318,
            0.2019
        ],
        [
            0.5,
            0.9454362584862962,
            0.3977
        ],
        [
            0.6,
            0.9125802913990286,
            0.6383
        ],
        [
            0.7,
            0.8742997198879552,
            0.8568
        ],
        [
            0.8,
            0.8517536704730831,
            0.9808
        ],
        [
            0.9,
            0.8476847684768477,
            0.9999
        ],
        [
            1.0,
            0.8476,
            1.0
        ]
    ],
    "baseline": [
        [
            0.2,
            1.0,
            0.0176
        ],
        [
            0.3,
            0.9874055415617129,
            0.0794
        ],
        [
            0.4,
            0.974739970282318,
            0.2019
        ],
        [
            0.5,
            0.9286768322675848,
            0.4066
        ],
        [
            0.6,
            0.8554546764663497,
            0.6939
        ],
        [
            0.7,
            0.7818296133291418,
            0.9543
        ],
        [
            0.8,
            0.7667,
            1.0
        ],
        [
            0.9,
            0.7667,
            1.0
        ],
        [
            1.0,
            0.7667,
            1.0
        ]
    ],
    "f1_acc": {
        "SVM": [
            0.8354685783333529,
            0.8355
        ],
        "Random Forest": [
            0.8425620531145466,
            0.8426
        ],
        "XGBoost": [
            0.8510510003800206,
            0.8511
        ],
        "LightGBM": [
            0.8475480702231222,
            0.8476
        ],
        "baseline": [
            0.7660844153755884,
            0.7667
        ],
        "Llama-2-7b-hf": [
            0.4520057132040955,
            0.4538
        ],
        "Qwen-1_8B": [
            0.4033973771791605,
            0.4127
        ],
        "falcon-7b": [
            0.21608881506495264,
            0.2481
        ],
        "internlm-7b": [
            0.4809624730267863,
            0.4884
        ],
        "Yi-34B": [
            0.8286136317032085,
            0.8288
        ],
        "Qwen-7B": [
            0.5927285651231905,
            0.5939
        ],
        "Qwen-14B": [
            0.739897744884987,
            0.7405
        ],
        "deepseek-llm-7b-base": [
            0.4312597428146766,
            0.4388
        ],
        "Yi-6B": [
            0.6999130089238268,
            0.7005
        ],
        "Qwen-72B": [
            0.7863862084604255,
            0.7864
        ],
        "mpt-7b": [
            0.2406173821640506,
            0.2676
        ],
        "deepseek-llm-67b-base": [
            0.7221257211043925,
            0.7228
        ],
        "Llama-2-13b-hf": [
            0.6038190230592068,
            0.6046
        ],
        "Llama-2-70b-hf": [
            0.7267398470988986,
            0.727
        ],
        "falcon-40b": [
            0.34887790631272697,
            0.3508
        ],
        "Mistral-7B-v0.1": [
            0.6408086826084838,
            0.6416
        ]
    }
}