{
    "SVM": [
        [
            0.2,
            1.0,
            0.0176
        ],
        [
            0.3,
            0.9874055415617129,
            0.0794
        ],
        [
            0.4,
            0.9756944444444444,
            0.2016
        ],
        [
            0.5,
            0.9478063540090772,
            0.3966
        ],
        [
            0.6,
            0.9161179052994669,
            0.6378
        ],
        [
            0.7,
            0.8821332710934765,
            0.8569
        ],
        [
            0.8,
            0.8606307222787386,
            0.983
        ],
        [
            0.9,
            0.8574,
            1.0
        ],
        [
            1.0,
            0.8574,
            1.0
        ]
    ],
    "Random Forest": [
        [
            0.2,
            1.0,
            0.0176
        ],
        [
            0.3,
            0.9874055415617129,
            0.0794
        ],
        [
            0.4,
            0.9756944444444444,
            0.2016
        ],
        [
            0.5,
            0.9509729593126106,
            0.3957
        ],
        [
            0.6,
            0.9289107029765674,
            0.6316
        ],
        [
            0.7,
            0.8996580591911332,
            0.8481
        ],
        [
            0.8,
            0.8802773811951866,
            0.9806
        ],
        [
            0.9,
            0.8782,
            1.0
        ],
        [
            1.0,
            0.8782,
            1.0
        ]
    ],
    "XGBoost": [
        [
            0.2,
            1.0,
            0.0176
        ],
        [
            0.3,
            0.9886506935687264,
            0.0793
        ],
        [
            0.4,
            0.9795613160518445,
            0.2006
        ],
        [
            0.5,
            0.9644970414201184,
            0.3887
        ],
        [
            0.6,
            0.9511836734693877,
            0.6125
        ],
        [
            0.7,
            0.9264813460131676,
            0.8202
        ],
        [
            0.8,
            0.9020522388059702,
            0.9648
        ],
        [
            0.9,
            0.894989498949895,
            0.9999
        ],
        [
            1.0,
            0.8949,
            1.0
        ]
    ],
    "LightGBM": [
        [
            0.2,
            1.0,
            0.0176
        ],
        [
            0.3,
            0.9874055415617129,
            0.0794
        ],
        [
            0.4,
            0.979571499750872,
            0.2007
        ],
        [
            0.5,
            0.9639917695473251,
            0.3888
        ],
        [
            0.6,
            0.9480794270833334,
            0.6144
        ],
        [
            0.7,
            0.9215710116731517,
            0.8224
        ],
        [
            0.8,
            0.8966266556291391,
            0.9664
        ],
        [
            0.9,
            0.8896889688968896,
            0.9999
        ],
        [
            1.0,
            0.8897,
            1.0
        ]
    ],
    "baseline": [
        [
            0.2,
            1.0,
            0.0176
        ],
        [
            0.3,
            0.9874055415617129,
            0.0794
        ],
        [
            0.4,
            0.974739970282318,
            0.2019
        ],
        [
            0.5,
            0.9286768322675848,
            0.4066
        ],
        [
            0.6,
            0.8554546764663497,
            0.6939
        ],
        [
            0.7,
            0.7818296133291418,
            0.9543
        ],
        [
            0.8,
            0.7667,
            1.0
        ],
        [
            0.9,
            0.7667,
            1.0
        ],
        [
            1.0,
            0.7667,
            1.0
        ]
    ],
    "f1_acc": {
        "SVM": [
            0.8573597026011006,
            0.8574
        ],
        "Random Forest": [
            0.878195804207963,
            0.8782
        ],
        "XGBoost": [
            0.8948849937189456,
            0.8949
        ],
        "LightGBM": [
            0.8896674228781289,
            0.8897
        ],
        "baseline": [
            0.7660844153755884,
            0.7667
        ],
        "Llama-2-7b-hf": [
            0.4520057132040955,
            0.4538
        ],
        "Qwen-1_8B": [
            0.4033973771791605,
            0.4127
        ],
        "falcon-7b": [
            0.21608881506495264,
            0.2481
        ],
        "internlm-7b": [
            0.4809624730267863,
            0.4884
        ],
        "Yi-34B": [
            0.8286136317032085,
            0.8288
        ],
        "Qwen-7B": [
            0.5927285651231905,
            0.5939
        ],
        "Qwen-14B": [
            0.739897744884987,
            0.7405
        ],
        "deepseek-llm-7b-base": [
            0.4312597428146766,
            0.4388
        ],
        "Yi-6B": [
            0.6999130089238268,
            0.7005
        ],
        "Qwen-72B": [
            0.7863862084604255,
            0.7864
        ],
        "mpt-7b": [
            0.2406173821640506,
            0.2676
        ],
        "deepseek-llm-67b-base": [
            0.7221257211043925,
            0.7228
        ],
        "Llama-2-13b-hf": [
            0.6038190230592068,
            0.6046
        ],
        "Llama-2-70b-hf": [
            0.7267398470988986,
            0.727
        ],
        "falcon-40b": [
            0.34887790631272697,
            0.3508
        ],
        "Mistral-7B-v0.1": [
            0.6408086826084838,
            0.6416
        ]
    }
}